year,occupancy,facility_kwh,grid_kwh,capacity_revenue_usd,energy_recovery_usd,electricity_usd,fixed_opex_usd,maintenance_usd,replacement_usd,residual_usd,net_cashflow_usd,cumulative_cashflow_usd,discount_factor,pv_cashflow_usd
1,0.35,16051135.647365788,16051135.647365788,3780000.0,1730295.59832017,1730295.59832017,1200000.0,720000.0,0,0,1860000.0,-55740000.0,0.9090909090909091,1690909.0909090908
2,0.5,22556635.779298212,22556635.779298212,5508000.0,2480544.3034319854,2480544.3034319854,1224000.0,734400.0,0,0,3549600.0,-52190400.0,0.8264462809917354,2933553.719008264
3,0.65,29062135.91123064,29062135.91123064,7303608.0,3260110.8385089454,3260110.8385089454,1248480.0,749088.0,0,0,5306040.0,-46884360.0,0.7513148009015775,3986506.3861758066
4,0.8,35567636.04316307,35567636.04316307,9168837.120000001,4069867.817267611,4069867.817267611,1273449.6,764069.7600000001,0,0,7131317.760000002,-39753042.239999995,0.6830134553650705,4870785.9845638955
5,0.9,39904636.131118014,39904636.131118014,10521240.5952,4657562.411765133,4657562.411765133,1298918.592,779351.1552,0,0,8442970.848000001,-31310071.391999993,0.6209213230591549,5242420.6294900365
6,0.95,42073136.17509549,42073136.17509549,11327869.040832,5008925.251458043,5008925.251458043,1324896.96384,794938.1783040001,0,0,9208033.898688,-22102037.493311994,0.5644739300537772,5197695.082860819
7,0.95,42073136.17509549,42073136.17509549,11554426.42164864,5109103.756487205,5109103.756487205,1351394.9031168001,810836.9418700801,0,0,9392194.57666176,-12709842.916650234,0.5131581182307065,4819680.8950163955
8,0.95,42073136.17509549,42073136.17509549,11785514.950081613,5211285.831616948,5211285.831616948,1378422.8011791361,827053.6807074816,3446057.00294784,0,6133981.465247155,-6575861.451403079,0.4665073802097331,2861547.6236075102
9,0.95,42073136.17509549,42073136.17509549,12021225.249083247,5315511.548249288,5315511.548249288,1405991.2572027189,843594.7543216313,0,0,9771639.237558898,3195777.786155819,0.42409761837248455,4144128.9282438494
10,0.95,42073136.17509549,42073136.17509549,12261649.754064912,5421821.779214274,5421821.779214274,1434111.0823467732,860466.649408064,0,0,9967072.022310076,13162849.808465894,0.3855432894295314,3842737.7334624785
11,0.95,42073136.17509549,42073136.17509549,12506882.74914621,5530258.214798559,5530258.214798559,1462793.3039937087,877675.9823962253,0,0,10166413.462756278,23329263.271222174,0.3504938994813922,3563265.898301571
12,0.95,42073136.17509549,42073136.17509549,12757020.404129134,5640863.379094531,5640863.379094531,1492049.170073583,895229.5020441498,0,0,10369741.732011402,33699005.003233574,0.3186308177103565,3304119.2875160016
13,0.95,42073136.17509549,42073136.17509549,13012160.812211717,5753680.646676421,5753680.646676421,1521890.1534750545,913134.0920850327,0,0,10577136.566651627,44276141.5698852,0.2896643797366877,3063819.702969382
14,0.95,42073136.17509549,42073136.17509549,13272404.028455952,5868754.25960995,5868754.25960995,1552327.956544556,931396.7739267335,0,0,10788679.297984665,55064820.86786987,0.26333125430607973,2840996.4518443374
15,0.95,42073136.17509549,42073136.17509549,13537852.10902507,5986129.344802149,5986129.344802149,1583374.515675447,950024.7094052681,0,9500247.094052682,20504699.977997035,75569520.8458669,0.23939204936916333,4908662.149432548
