asset_id,system,path,nameplate,unit,derating,status
UPS-A-01,UPS,A,1250,kW,1,concept allowance
UPS-A-02,UPS,A,1250,kW,1,concept allowance
UPS-A-03,UPS,A,1250,kW,1,concept allowance
UPS-A-04,UPS,A,1250,kW,1,concept allowance
UPS-A-05,UPS,A,1250,kW,1,concept allowance
UPS-A-06,UPS,A,1250,kW,1,concept allowance
UPS-B-01,UPS,B,1250,kW,1,concept allowance
UPS-B-02,UPS,B,1250,kW,1,concept allowance
UPS-B-03,UPS,B,1250,kW,1,concept allowance
UPS-B-04,UPS,B,1250,kW,1,concept allowance
UPS-B-05,UPS,B,1250,kW,1,concept allowance
UPS-B-06,UPS,B,1250,kW,1,concept allowance
TX-A-01,TX,A,4000,kVA,1,concept allowance
TX-A-02,TX,A,4000,kVA,1,concept allowance
TX-A-03,TX,A,4000,kVA,1,concept allowance
TX-B-01,TX,B,4000,kVA,1,concept allowance
TX-B-02,TX,B,4000,kVA,1,concept allowance
TX-B-03,TX,B,4000,kVA,1,concept allowance
GEN-A-01,GEN,A,3000,kW,0.9,concept allowance
GEN-A-02,GEN,A,3000,kW,0.9,concept allowance
GEN-A-03,GEN,A,3000,kW,0.9,concept allowance
GEN-A-04,GEN,A,3000,kW,0.9,concept allowance
GEN-B-01,GEN,B,3000,kW,0.9,concept allowance
GEN-B-02,GEN,B,3000,kW,0.9,concept allowance
GEN-B-03,GEN,B,3000,kW,0.9,concept allowance
GEN-B-04,GEN,B,3000,kW,0.9,concept allowance
CHL-SHARED-01,CHL,SHARED,1250,kWth,1,concept allowance
CHL-SHARED-02,CHL,SHARED,1250,kWth,1,concept allowance
CHL-SHARED-03,CHL,SHARED,1250,kWth,1,concept allowance
CHL-SHARED-04,CHL,SHARED,1250,kWth,1,concept allowance
CHL-SHARED-05,CHL,SHARED,1250,kWth,1,concept allowance
CHL-SHARED-06,CHL,SHARED,1250,kWth,1,concept allowance
CDU-H01-01,CDU,H01,500,kWth,1,concept allowance
CDU-H01-02,CDU,H01,500,kWth,1,concept allowance
CDU-H02-01,CDU,H02,500,kWth,1,concept allowance
CDU-H02-02,CDU,H02,500,kWth,1,concept allowance
CDU-H03-01,CDU,H03,500,kWth,1,concept allowance
CDU-H03-02,CDU,H03,500,kWth,1,concept allowance
CDU-H04-01,CDU,H04,500,kWth,1,concept allowance
CDU-H04-02,CDU,H04,500,kWth,1,concept allowance
