month,hours,it_kwh,facility_kwh,grid_kwh,grid_peak_kw,electricity_usd,pue
1,744,2790000.0,3739341.313193895,3739341.313193895,5742.236460525235,402645.3136220157,1.3402657036537258
2,672,2520000.0,3383275.6059805444,3383275.6059805444,5755.488299065062,367105.00209337974,1.3425696849129145
3,744,2790000.0,3755275.386239174,3755275.386239174,5773.785024171988,404396.4637447773,1.3459768409459405
4,720,2700000.0,3644380.6114313444,3644380.6114313444,5790.560609424659,393390.8641902578,1.3497705968264238
5,744,2790000.0,3774338.7417440973,3774338.7417440973,5801.926357366298,406443.50596124126,1.3528095848545152
6,720,2700000.0,3656354.692086034,3656354.692086034,5804.269013939713,394656.814278302,1.354205441513346
7,744,2790000.0,3776287.589089653,3776287.589089653,5803.678223861536,406647.150028273,1.3535080964479043
8,744,2790000.0,3769002.8384744567,3769002.8384744567,5795.244563810714,405876.50666649925,1.3508970747220275
9,720,2700000.0,3637538.0579447965,3637538.0579447965,5779.336618341946,392650.4888861894,1.347236317757332
10,744,2790000.0,3748454.1690186127,3748454.1690186127,5761.375126766143,403652.29253569205,1.343531960221725
11,720,2700000.0,3620011.9602146233,3620011.9602146233,5745.221560022498,390727.30382157484,1.3407451704498605
12,744,2790000.0,3737375.253655733,3737375.253655733,5735.77740504054,402416.41239077604,1.339561022815675
