asset_id,hall_id,x,y,width,depth,height,design_kw,power_a,power_b
H01-R001,H01,14.0,14.0,0.6,1.2,2.2,25,LV-A,LV-B
H01-R002,H01,15.2,14.0,0.6,1.2,2.2,25,LV-A,LV-B
H01-R003,H01,16.4,14.0,0.6,1.2,2.2,25,LV-A,LV-B
H01-R004,H01,17.6,14.0,0.6,1.2,2.2,25,LV-A,LV-B
H01-R005,H01,18.8,14.0,0.6,1.2,2.2,25,LV-A,LV-B
H01-R006,H01,20.0,14.0,0.6,1.2,2.2,25,LV-A,LV-B
H01-R007,H01,21.2,14.0,0.6,1.2,2.2,25,LV-A,LV-B
H01-R008,H01,22.4,14.0,0.6,1.2,2.2,25,LV-A,LV-B
H01-R009,H01,23.6,14.0,0.6,1.2,2.2,25,LV-A,LV-B
H01-R010,H01,24.799999999999997,14.0,0.6,1.2,2.2,25,LV-A,LV-B
H01-R011,H01,14.0,17.0,0.6,1.2,2.2,25,LV-A,LV-B
H01-R012,H01,15.2,17.0,0.6,1.2,2.2,25,LV-A,LV-B
H01-R013,H01,16.4,17.0,0.6,1.2,2.2,25,LV-A,LV-B
H01-R014,H01,17.6,17.0,0.6,1.2,2.2,25,LV-A,LV-B
H01-R015,H01,18.8,17.0,0.6,1.2,2.2,25,LV-A,LV-B
H01-R016,H01,20.0,17.0,0.6,1.2,2.2,25,LV-A,LV-B
H01-R017,H01,21.2,17.0,0.6,1.2,2.2,25,LV-A,LV-B
H01-R018,H01,22.4,17.0,0.6,1.2,2.2,25,LV-A,LV-B
H01-R019,H01,23.6,17.0,0.6,1.2,2.2,25,LV-A,LV-B
H01-R020,H01,24.799999999999997,17.0,0.6,1.2,2.2,25,LV-A,LV-B
H01-R021,H01,14.0,20.0,0.6,1.2,2.2,25,LV-A,LV-B
H01-R022,H01,15.2,20.0,0.6,1.2,2.2,25,LV-A,LV-B
H01-R023,H01,16.4,20.0,0.6,1.2,2.2,25,LV-A,LV-B
H01-R024,H01,17.6,20.0,0.6,1.2,2.2,25,LV-A,LV-B
H01-R025,H01,18.8,20.0,0.6,1.2,2.2,25,LV-A,LV-B
H01-R026,H01,20.0,20.0,0.6,1.2,2.2,25,LV-A,LV-B
H01-R027,H01,21.2,20.0,0.6,1.2,2.2,25,LV-A,LV-B
H01-R028,H01,22.4,20.0,0.6,1.2,2.2,25,LV-A,LV-B
H01-R029,H01,23.6,20.0,0.6,1.2,2.2,25,LV-A,LV-B
H01-R030,H01,24.799999999999997,20.0,0.6,1.2,2.2,25,LV-A,LV-B
H01-R031,H01,14.0,23.0,0.6,1.2,2.2,25,LV-A,LV-B
H01-R032,H01,15.2,23.0,0.6,1.2,2.2,25,LV-A,LV-B
H01-R033,H01,16.4,23.0,0.6,1.2,2.2,25,LV-A,LV-B
H01-R034,H01,17.6,23.0,0.6,1.2,2.2,25,LV-A,LV-B
H01-R035,H01,18.8,23.0,0.6,1.2,2.2,25,LV-A,LV-B
H01-R036,H01,20.0,23.0,0.6,1.2,2.2,25,LV-A,LV-B
H01-R037,H01,21.2,23.0,0.6,1.2,2.2,25,LV-A,LV-B
H01-R038,H01,22.4,23.0,0.6,1.2,2.2,25,LV-A,LV-B
H01-R039,H01,23.6,23.0,0.6,1.2,2.2,25,LV-A,LV-B
H01-R040,H01,24.799999999999997,23.0,0.6,1.2,2.2,25,LV-A,LV-B
H01-R041,H01,14.0,26.0,0.6,1.2,2.2,25,LV-A,LV-B
H01-R042,H01,15.2,26.0,0.6,1.2,2.2,25,LV-A,LV-B
H01-R043,H01,16.4,26.0,0.6,1.2,2.2,25,LV-A,LV-B
H01-R044,H01,17.6,26.0,0.6,1.2,2.2,25,LV-A,LV-B
H01-R045,H01,18.8,26.0,0.6,1.2,2.2,25,LV-A,LV-B
H01-R046,H01,20.0,26.0,0.6,1.2,2.2,25,LV-A,LV-B
H01-R047,H01,21.2,26.0,0.6,1.2,2.2,25,LV-A,LV-B
H01-R048,H01,22.4,26.0,0.6,1.2,2.2,25,LV-A,LV-B
H01-R049,H01,23.6,26.0,0.6,1.2,2.2,25,LV-A,LV-B
H01-R050,H01,24.799999999999997,26.0,0.6,1.2,2.2,25,LV-A,LV-B
H02-R001,H02,42.0,14.0,0.6,1.2,2.2,25,LV-A,LV-B
H02-R002,H02,43.2,14.0,0.6,1.2,2.2,25,LV-A,LV-B
H02-R003,H02,44.4,14.0,0.6,1.2,2.2,25,LV-A,LV-B
H02-R004,H02,45.6,14.0,0.6,1.2,2.2,25,LV-A,LV-B
H02-R005,H02,46.8,14.0,0.6,1.2,2.2,25,LV-A,LV-B
H02-R006,H02,48.0,14.0,0.6,1.2,2.2,25,LV-A,LV-B
H02-R007,H02,49.2,14.0,0.6,1.2,2.2,25,LV-A,LV-B
H02-R008,H02,50.4,14.0,0.6,1.2,2.2,25,LV-A,LV-B
H02-R009,H02,51.6,14.0,0.6,1.2,2.2,25,LV-A,LV-B
H02-R010,H02,52.8,14.0,0.6,1.2,2.2,25,LV-A,LV-B
H02-R011,H02,42.0,17.0,0.6,1.2,2.2,25,LV-A,LV-B
H02-R012,H02,43.2,17.0,0.6,1.2,2.2,25,LV-A,LV-B
H02-R013,H02,44.4,17.0,0.6,1.2,2.2,25,LV-A,LV-B
H02-R014,H02,45.6,17.0,0.6,1.2,2.2,25,LV-A,LV-B
H02-R015,H02,46.8,17.0,0.6,1.2,2.2,25,LV-A,LV-B
H02-R016,H02,48.0,17.0,0.6,1.2,2.2,25,LV-A,LV-B
H02-R017,H02,49.2,17.0,0.6,1.2,2.2,25,LV-A,LV-B
H02-R018,H02,50.4,17.0,0.6,1.2,2.2,25,LV-A,LV-B
H02-R019,H02,51.6,17.0,0.6,1.2,2.2,25,LV-A,LV-B
H02-R020,H02,52.8,17.0,0.6,1.2,2.2,25,LV-A,LV-B
H02-R021,H02,42.0,20.0,0.6,1.2,2.2,25,LV-A,LV-B
H02-R022,H02,43.2,20.0,0.6,1.2,2.2,25,LV-A,LV-B
H02-R023,H02,44.4,20.0,0.6,1.2,2.2,25,LV-A,LV-B
H02-R024,H02,45.6,20.0,0.6,1.2,2.2,25,LV-A,LV-B
H02-R025,H02,46.8,20.0,0.6,1.2,2.2,25,LV-A,LV-B
H02-R026,H02,48.0,20.0,0.6,1.2,2.2,25,LV-A,LV-B
H02-R027,H02,49.2,20.0,0.6,1.2,2.2,25,LV-A,LV-B
H02-R028,H02,50.4,20.0,0.6,1.2,2.2,25,LV-A,LV-B
H02-R029,H02,51.6,20.0,0.6,1.2,2.2,25,LV-A,LV-B
H02-R030,H02,52.8,20.0,0.6,1.2,2.2,25,LV-A,LV-B
H02-R031,H02,42.0,23.0,0.6,1.2,2.2,25,LV-A,LV-B
H02-R032,H02,43.2,23.0,0.6,1.2,2.2,25,LV-A,LV-B
H02-R033,H02,44.4,23.0,0.6,1.2,2.2,25,LV-A,LV-B
H02-R034,H02,45.6,23.0,0.6,1.2,2.2,25,LV-A,LV-B
H02-R035,H02,46.8,23.0,0.6,1.2,2.2,25,LV-A,LV-B
H02-R036,H02,48.0,23.0,0.6,1.2,2.2,25,LV-A,LV-B
H02-R037,H02,49.2,23.0,0.6,1.2,2.2,25,LV-A,LV-B
H02-R038,H02,50.4,23.0,0.6,1.2,2.2,25,LV-A,LV-B
H02-R039,H02,51.6,23.0,0.6,1.2,2.2,25,LV-A,LV-B
H02-R040,H02,52.8,23.0,0.6,1.2,2.2,25,LV-A,LV-B
H02-R041,H02,42.0,26.0,0.6,1.2,2.2,25,LV-A,LV-B
H02-R042,H02,43.2,26.0,0.6,1.2,2.2,25,LV-A,LV-B
H02-R043,H02,44.4,26.0,0.6,1.2,2.2,25,LV-A,LV-B
H02-R044,H02,45.6,26.0,0.6,1.2,2.2,25,LV-A,LV-B
H02-R045,H02,46.8,26.0,0.6,1.2,2.2,25,LV-A,LV-B
H02-R046,H02,48.0,26.0,0.6,1.2,2.2,25,LV-A,LV-B
H02-R047,H02,49.2,26.0,0.6,1.2,2.2,25,LV-A,LV-B
H02-R048,H02,50.4,26.0,0.6,1.2,2.2,25,LV-A,LV-B
H02-R049,H02,51.6,26.0,0.6,1.2,2.2,25,LV-A,LV-B
H02-R050,H02,52.8,26.0,0.6,1.2,2.2,25,LV-A,LV-B
H03-R001,H03,14.0,45.0,0.6,1.2,2.2,25,LV-A,LV-B
H03-R002,H03,15.2,45.0,0.6,1.2,2.2,25,LV-A,LV-B
H03-R003,H03,16.4,45.0,0.6,1.2,2.2,25,LV-A,LV-B
H03-R004,H03,17.6,45.0,0.6,1.2,2.2,25,LV-A,LV-B
H03-R005,H03,18.8,45.0,0.6,1.2,2.2,25,LV-A,LV-B
H03-R006,H03,20.0,45.0,0.6,1.2,2.2,25,LV-A,LV-B
H03-R007,H03,21.2,45.0,0.6,1.2,2.2,25,LV-A,LV-B
H03-R008,H03,22.4,45.0,0.6,1.2,2.2,25,LV-A,LV-B
H03-R009,H03,23.6,45.0,0.6,1.2,2.2,25,LV-A,LV-B
H03-R010,H03,24.799999999999997,45.0,0.6,1.2,2.2,25,LV-A,LV-B
H03-R011,H03,14.0,48.0,0.6,1.2,2.2,25,LV-A,LV-B
H03-R012,H03,15.2,48.0,0.6,1.2,2.2,25,LV-A,LV-B
H03-R013,H03,16.4,48.0,0.6,1.2,2.2,25,LV-A,LV-B
H03-R014,H03,17.6,48.0,0.6,1.2,2.2,25,LV-A,LV-B
H03-R015,H03,18.8,48.0,0.6,1.2,2.2,25,LV-A,LV-B
H03-R016,H03,20.0,48.0,0.6,1.2,2.2,25,LV-A,LV-B
H03-R017,H03,21.2,48.0,0.6,1.2,2.2,25,LV-A,LV-B
H03-R018,H03,22.4,48.0,0.6,1.2,2.2,25,LV-A,LV-B
H03-R019,H03,23.6,48.0,0.6,1.2,2.2,25,LV-A,LV-B
H03-R020,H03,24.799999999999997,48.0,0.6,1.2,2.2,25,LV-A,LV-B
H03-R021,H03,14.0,51.0,0.6,1.2,2.2,25,LV-A,LV-B
H03-R022,H03,15.2,51.0,0.6,1.2,2.2,25,LV-A,LV-B
H03-R023,H03,16.4,51.0,0.6,1.2,2.2,25,LV-A,LV-B
H03-R024,H03,17.6,51.0,0.6,1.2,2.2,25,LV-A,LV-B
H03-R025,H03,18.8,51.0,0.6,1.2,2.2,25,LV-A,LV-B
H03-R026,H03,20.0,51.0,0.6,1.2,2.2,25,LV-A,LV-B
H03-R027,H03,21.2,51.0,0.6,1.2,2.2,25,LV-A,LV-B
H03-R028,H03,22.4,51.0,0.6,1.2,2.2,25,LV-A,LV-B
H03-R029,H03,23.6,51.0,0.6,1.2,2.2,25,LV-A,LV-B
H03-R030,H03,24.799999999999997,51.0,0.6,1.2,2.2,25,LV-A,LV-B
H03-R031,H03,14.0,54.0,0.6,1.2,2.2,25,LV-A,LV-B
H03-R032,H03,15.2,54.0,0.6,1.2,2.2,25,LV-A,LV-B
H03-R033,H03,16.4,54.0,0.6,1.2,2.2,25,LV-A,LV-B
H03-R034,H03,17.6,54.0,0.6,1.2,2.2,25,LV-A,LV-B
H03-R035,H03,18.8,54.0,0.6,1.2,2.2,25,LV-A,LV-B
H03-R036,H03,20.0,54.0,0.6,1.2,2.2,25,LV-A,LV-B
H03-R037,H03,21.2,54.0,0.6,1.2,2.2,25,LV-A,LV-B
H03-R038,H03,22.4,54.0,0.6,1.2,2.2,25,LV-A,LV-B
H03-R039,H03,23.6,54.0,0.6,1.2,2.2,25,LV-A,LV-B
H03-R040,H03,24.799999999999997,54.0,0.6,1.2,2.2,25,LV-A,LV-B
H03-R041,H03,14.0,57.0,0.6,1.2,2.2,25,LV-A,LV-B
H03-R042,H03,15.2,57.0,0.6,1.2,2.2,25,LV-A,LV-B
H03-R043,H03,16.4,57.0,0.6,1.2,2.2,25,LV-A,LV-B
H03-R044,H03,17.6,57.0,0.6,1.2,2.2,25,LV-A,LV-B
H03-R045,H03,18.8,57.0,0.6,1.2,2.2,25,LV-A,LV-B
H03-R046,H03,20.0,57.0,0.6,1.2,2.2,25,LV-A,LV-B
H03-R047,H03,21.2,57.0,0.6,1.2,2.2,25,LV-A,LV-B
H03-R048,H03,22.4,57.0,0.6,1.2,2.2,25,LV-A,LV-B
H03-R049,H03,23.6,57.0,0.6,1.2,2.2,25,LV-A,LV-B
H03-R050,H03,24.799999999999997,57.0,0.6,1.2,2.2,25,LV-A,LV-B
H04-R001,H04,42.0,45.0,0.6,1.2,2.2,25,LV-A,LV-B
H04-R002,H04,43.2,45.0,0.6,1.2,2.2,25,LV-A,LV-B
H04-R003,H04,44.4,45.0,0.6,1.2,2.2,25,LV-A,LV-B
H04-R004,H04,45.6,45.0,0.6,1.2,2.2,25,LV-A,LV-B
H04-R005,H04,46.8,45.0,0.6,1.2,2.2,25,LV-A,LV-B
H04-R006,H04,48.0,45.0,0.6,1.2,2.2,25,LV-A,LV-B
H04-R007,H04,49.2,45.0,0.6,1.2,2.2,25,LV-A,LV-B
H04-R008,H04,50.4,45.0,0.6,1.2,2.2,25,LV-A,LV-B
H04-R009,H04,51.6,45.0,0.6,1.2,2.2,25,LV-A,LV-B
H04-R010,H04,52.8,45.0,0.6,1.2,2.2,25,LV-A,LV-B
H04-R011,H04,42.0,48.0,0.6,1.2,2.2,25,LV-A,LV-B
H04-R012,H04,43.2,48.0,0.6,1.2,2.2,25,LV-A,LV-B
H04-R013,H04,44.4,48.0,0.6,1.2,2.2,25,LV-A,LV-B
H04-R014,H04,45.6,48.0,0.6,1.2,2.2,25,LV-A,LV-B
H04-R015,H04,46.8,48.0,0.6,1.2,2.2,25,LV-A,LV-B
H04-R016,H04,48.0,48.0,0.6,1.2,2.2,25,LV-A,LV-B
H04-R017,H04,49.2,48.0,0.6,1.2,2.2,25,LV-A,LV-B
H04-R018,H04,50.4,48.0,0.6,1.2,2.2,25,LV-A,LV-B
H04-R019,H04,51.6,48.0,0.6,1.2,2.2,25,LV-A,LV-B
H04-R020,H04,52.8,48.0,0.6,1.2,2.2,25,LV-A,LV-B
H04-R021,H04,42.0,51.0,0.6,1.2,2.2,25,LV-A,LV-B
H04-R022,H04,43.2,51.0,0.6,1.2,2.2,25,LV-A,LV-B
H04-R023,H04,44.4,51.0,0.6,1.2,2.2,25,LV-A,LV-B
H04-R024,H04,45.6,51.0,0.6,1.2,2.2,25,LV-A,LV-B
H04-R025,H04,46.8,51.0,0.6,1.2,2.2,25,LV-A,LV-B
H04-R026,H04,48.0,51.0,0.6,1.2,2.2,25,LV-A,LV-B
H04-R027,H04,49.2,51.0,0.6,1.2,2.2,25,LV-A,LV-B
H04-R028,H04,50.4,51.0,0.6,1.2,2.2,25,LV-A,LV-B
H04-R029,H04,51.6,51.0,0.6,1.2,2.2,25,LV-A,LV-B
H04-R030,H04,52.8,51.0,0.6,1.2,2.2,25,LV-A,LV-B
H04-R031,H04,42.0,54.0,0.6,1.2,2.2,25,LV-A,LV-B
H04-R032,H04,43.2,54.0,0.6,1.2,2.2,25,LV-A,LV-B
H04-R033,H04,44.4,54.0,0.6,1.2,2.2,25,LV-A,LV-B
H04-R034,H04,45.6,54.0,0.6,1.2,2.2,25,LV-A,LV-B
H04-R035,H04,46.8,54.0,0.6,1.2,2.2,25,LV-A,LV-B
H04-R036,H04,48.0,54.0,0.6,1.2,2.2,25,LV-A,LV-B
H04-R037,H04,49.2,54.0,0.6,1.2,2.2,25,LV-A,LV-B
H04-R038,H04,50.4,54.0,0.6,1.2,2.2,25,LV-A,LV-B
H04-R039,H04,51.6,54.0,0.6,1.2,2.2,25,LV-A,LV-B
H04-R040,H04,52.8,54.0,0.6,1.2,2.2,25,LV-A,LV-B
H04-R041,H04,42.0,57.0,0.6,1.2,2.2,25,LV-A,LV-B
H04-R042,H04,43.2,57.0,0.6,1.2,2.2,25,LV-A,LV-B
H04-R043,H04,44.4,57.0,0.6,1.2,2.2,25,LV-A,LV-B
H04-R044,H04,45.6,57.0,0.6,1.2,2.2,25,LV-A,LV-B
H04-R045,H04,46.8,57.0,0.6,1.2,2.2,25,LV-A,LV-B
H04-R046,H04,48.0,57.0,0.6,1.2,2.2,25,LV-A,LV-B
H04-R047,H04,49.2,57.0,0.6,1.2,2.2,25,LV-A,LV-B
H04-R048,H04,50.4,57.0,0.6,1.2,2.2,25,LV-A,LV-B
H04-R049,H04,51.6,57.0,0.6,1.2,2.2,25,LV-A,LV-B
H04-R050,H04,52.8,57.0,0.6,1.2,2.2,25,LV-A,LV-B
