id,parameter,value,unit,basis,status,validation_owner
A003,it_kw,5000,kW,Author-selected synthetic example,illustrative/unapproved,discipline lead / owner review
A004,halls,4,integer count,Author-selected synthetic example,illustrative/unapproved,discipline lead / owner review
A005,racks_per_hall,50,integer count,Author-selected synthetic example,illustrative/unapproved,discipline lead / owner review
A006,rack_kw,25,kW,Author-selected synthetic example,illustrative/unapproved,discipline lead / owner review
A007,design_ambient_c,35,deg C,Author-selected synthetic example,illustrative/unapproved,discipline lead / owner review
A008,ups_efficiency,0.965,fraction or dimensionless,Author-selected synthetic example,illustrative/unapproved,discipline lead / owner review
A009,distribution_efficiency,0.99,fraction or dimensionless,Author-selected synthetic example,illustrative/unapproved,discipline lead / owner review
A010,transformer_efficiency,0.99,fraction or dimensionless,Author-selected synthetic example,illustrative/unapproved,discipline lead / owner review
A011,power_factor,0.95,fraction or dimensionless,Author-selected synthetic example,illustrative/unapproved,discipline lead / owner review
A012,design_margin,0.1,fraction or dimensionless,Author-selected synthetic example,illustrative/unapproved,discipline lead / owner review
A013,ups_module_kw,1250,kW,Author-selected synthetic example,illustrative/unapproved,discipline lead / owner review
A014,transformer_unit_kva,4000,kVA,Author-selected synthetic example,illustrative/unapproved,discipline lead / owner review
A015,generator_unit_kw,3000,kW,Author-selected synthetic example,illustrative/unapproved,discipline lead / owner review
A016,generator_derating,0.9,fraction or dimensionless,Author-selected synthetic example,illustrative/unapproved,discipline lead / owner review
A017,battery_minutes,10,minutes,Author-selected synthetic example,illustrative/unapproved,discipline lead / owner review
A018,battery_inverter_efficiency,0.96,fraction or dimensionless,Author-selected synthetic example,illustrative/unapproved,discipline lead / owner review
A019,battery_usable_fraction,0.8,fraction or dimensionless,Author-selected synthetic example,illustrative/unapproved,discipline lead / owner review
A020,battery_end_of_life_fraction,0.8,fraction or dimensionless,Author-selected synthetic example,illustrative/unapproved,discipline lead / owner review
A021,liquid_fraction,0.3,fraction or dimensionless,Author-selected synthetic example,illustrative/unapproved,discipline lead / owner review
A022,cop_at_30c,4.5,fraction or dimensionless,Author-selected synthetic example,illustrative/unapproved,discipline lead / owner review
A023,cop_degradation_per_c,0.07,deg C,Author-selected synthetic example,illustrative/unapproved,discipline lead / owner review
A024,minimum_cop,2.5,fraction or dimensionless,Author-selected synthetic example,illustrative/unapproved,discipline lead / owner review
A025,chiller_unit_kwth,1250,kW thermal,Author-selected synthetic example,illustrative/unapproved,discipline lead / owner review
A026,cdu_unit_kwth,500,kW thermal,Author-selected synthetic example,illustrative/unapproved,discipline lead / owner review
A027,fan_fraction,0.02,fraction or dimensionless,Author-selected synthetic example,illustrative/unapproved,discipline lead / owner review
A028,pump_fraction,0.012,fraction or dimensionless,Author-selected synthetic example,illustrative/unapproved,discipline lead / owner review
A029,envelope_kw,80,kW,Author-selected synthetic example,illustrative/unapproved,discipline lead / owner review
A030,other_facility_kw,80,kW,Author-selected synthetic example,illustrative/unapproved,discipline lead / owner review
A031,water_delta_t_k,6,K,Author-selected synthetic example,illustrative/unapproved,discipline lead / owner review
A032,air_delta_t_k,12,K,Author-selected synthetic example,illustrative/unapproved,discipline lead / owner review
A033,mean_draw_fraction,0.75,fraction or dimensionless,Author-selected synthetic example,illustrative/unapproved,discipline lead / owner review
A034,draw_amplitude,0.1,fraction or dimensionless,Author-selected synthetic example,illustrative/unapproved,discipline lead / owner review
A035,weather_mean_c,29,deg C,Author-selected synthetic example,illustrative/unapproved,discipline lead / owner review
A036,weather_daily_amplitude_c,4,deg C,Author-selected synthetic example,illustrative/unapproved,discipline lead / owner review
A037,weather_seasonal_amplitude_c,2,deg C,Author-selected synthetic example,illustrative/unapproved,discipline lead / owner review
A038,electricity_usd_per_kwh,0.1,USD/kWh,Author-selected synthetic example,illustrative/unapproved,discipline lead / owner review
A039,demand_usd_per_kw_month,5,USD/kW-month,Author-selected synthetic example,illustrative/unapproved,discipline lead / owner review
A040,grid_kgco2e_per_kwh,0.7,kgCO2e/kWh,Author-selected synthetic example,illustrative/unapproved,discipline lead / owner review
A041,site_water_l_per_it_kwh,0.05,L/kWh IT,Author-selected synthetic example,illustrative/unapproved,discipline lead / owner review
A042,pv_kwp,0,kWp,Author-selected synthetic example,illustrative/unapproved,discipline lead / owner review
A043,pv_performance_ratio,0.8,fraction or dimensionless,Author-selected synthetic example,illustrative/unapproved,discipline lead / owner review
A044,bess_supported_kw,1000,kW,Author-selected synthetic example,illustrative/unapproved,discipline lead / owner review
A045,bess_hours,2,hours,Author-selected synthetic example,illustrative/unapproved,discipline lead / owner review
A046,bess_discharge_efficiency,0.92,fraction or dimensionless,Author-selected synthetic example,illustrative/unapproved,discipline lead / owner review
A047,bess_usable_fraction,0.8,fraction or dimensionless,Author-selected synthetic example,illustrative/unapproved,discipline lead / owner review
A048,bess_end_of_life_fraction,0.8,fraction or dimensionless,Author-selected synthetic example,illustrative/unapproved,discipline lead / owner review
A049,base_capex_usd,48000000,USD,Author-selected synthetic example,illustrative/unapproved,discipline lead / owner review
A050,contingency_fraction,0.2,fraction or dimensionless,Author-selected synthetic example,illustrative/unapproved,discipline lead / owner review
A051,fixed_opex_usd_year,1200000,USD/year,Author-selected synthetic example,illustrative/unapproved,discipline lead / owner review
A052,maintenance_fraction,0.015,fraction or dimensionless,Author-selected synthetic example,illustrative/unapproved,discipline lead / owner review
A053,capacity_usd_kw_month,180,USD/kW-month,Author-selected synthetic example,illustrative/unapproved,discipline lead / owner review
A054,energy_recovery_fraction,1,fraction or dimensionless,Author-selected synthetic example,illustrative/unapproved,discipline lead / owner review
A055,discount_rate,0.1,fraction or dimensionless,Author-selected synthetic example,illustrative/unapproved,discipline lead / owner review
A056,escalation,0.02,fraction or dimensionless,Author-selected synthetic example,illustrative/unapproved,discipline lead / owner review
A057,replacement_year,8,year index,Author-selected synthetic example,illustrative/unapproved,discipline lead / owner review
A058,replacement_usd,3000000,USD,Author-selected synthetic example,illustrative/unapproved,discipline lead / owner review
A059,residual_fraction,0.15,fraction or dimensionless,Author-selected synthetic example,illustrative/unapproved,discipline lead / owner review
A060,occupancy,"[0.35, 0.5, 0.65, 0.8, 0.9, 0.95, 0.95, 0.95, 0.95, 0.95, 0.95, 0.95, 0.95, 0.95, 0.95]",fraction or dimensionless,Author-selected synthetic example,illustrative/unapproved,discipline lead / owner review
A061,path_unavailability,0.02,fraction or dimensionless,Author-selected synthetic example,illustrative/unapproved,discipline lead / owner review
A062,common_cause_unavailability,0.001,fraction or dimensionless,Author-selected synthetic example,illustrative/unapproved,discipline lead / owner review
A063,reliability_samples,100000,integer count,Author-selected synthetic example,illustrative/unapproved,discipline lead / owner review
A064,seed,42,integer count,Author-selected synthetic example,illustrative/unapproved,discipline lead / owner review
